Workbook

Sheet 口径说明
A1: 全国脑机接口专家投资地图—口径说明
A3: 核验日期 | B3: 46252
A4: 收录总数 | B4: =COUNTA(全国汇总!$B$2:$B$86) -> 85
A5: 地域口径 | B5: 按专家当前主要工作单位所在省级行政区归属；跨地区兼职不重复计数。
A6: 收录标准 | B6: 以工信部首届脑机接口标准化技术委员会委员为权威底表，并补充研究方向明确、持续发表脑机接口/神经工程成果或承担临床转化的国内高校、医院和企业专家。
A7: 代表论文 | B7: 优先通过Crossref DOI数据按姓名和脑机接口关键词匹配；无法稳定匹配或专家以产业/监管实践为主时，明确标注“待进一步人工核验”，不杜撰论文。
A8: 关联企业 | B8: 仅记录公开任职、创办、成果转化或长期产学研协同关系；未找到稳定证据时写“无公开直接关联企业”。
A9: 完整性边界 | B9: 行业专家没有统一法定名录。本表是公开可核验的行业核心专家池，不等同于穷尽所有研究人员；职务与单位可能变动，建议季度更新。
A11: 主要公开来源类型：政府/监管机构、大学/医院/实验室官网、企业官网、招股书/年报、主流财经媒体与行业研究报告。每条记录的URL见“公开来源”列。

Sheet 省份索引
A1: 省级行政区 | B1: 专家数量 | C1: 覆盖状态 | D1: 备注
A2: 北京市 | B2: =COUNTIF(全国汇总!$G$2:$G$86,A2) -> 26 | C2: =IF(B2=0,"暂未检索到符合口径对象","已收录") -> 已收录
A3: 天津市 | B3: =COUNTIF(全国汇总!$G$2:$G$86,A3) -> 5 | C3: =IF(B3=0,"暂未检索到符合口径对象","已收录") -> 已收录
A4: 河北省 | B4: =COUNTIF(全国汇总!$G$2:$G$86,A4) -> 2 | C4: =IF(B4=0,"暂未检索到符合口径对象","已收录") -> 已收录
A5: 山西省 | B5: =COUNTIF(全国汇总!$G$2:$G$86,A5) -> 0
A6: 内蒙古自治区 | B6: =COUNTIF(全国汇总!$G$2:$G$86,A6) -> 0
A7: 辽宁省 | B7: =COUNTIF(全国汇总!$G$2:$G$86,A7) -> 1 | C7: =IF(B7=0,"暂未检索到符合口径对象","已收录") -> 已收录
A8: 吉林省 | B8: =COUNTIF(全国汇总!$G$2:$G$86,A8) -> 0
A9: 黑龙江省 | B9: =COUNTIF(全国汇总!$G$2:$G$86,A9) -> 1 | C9: =IF(B9=0,"暂未检索到符合口径对象","已收录") -> 已收录
A10: 上海市 | B10: =COUNTIF(全国汇总!$G$2:$G$86,A10) -> 10 | C10: =IF(B10=0,"暂未检索到符合口径对象","已收录") -> 已收录
A11: 江苏省 | B11: =COUNTIF(全国汇总!$G$2:$G$86,A11) -> 3 | C11: =IF(B11=0,"暂未检索到符合口径对象","已收录") -> 已收录
A12: 浙江省 | B12: =COUNTIF(全国汇总!$G$2:$G$86,A12) -> 9 | C12: =IF(B12=0,"暂未检索到符合口径对象","已收录") -> 已收录
A13: 安徽省 | B13: =COUNTIF(全国汇总!$G$2:$G$86,A13) -> 3 | C13: =IF(B13=0,"暂未检索到符合口径对象","已收录") -> 已收录
A14: 福建省 | B14: =COUNTIF(全国汇总!$G$2:$G$86,A14) -> 0
A15: 江西省 | B15: =COUNTIF(全国汇总!$G$2:$G$86,A15) -> 0
A16: 山东省 | B16: =COUNTIF(全国汇总!$G$2:$G$86,A16) -> 2 | C16: =IF(B16=0,"暂未检索到符合口径对象","已收录") -> 已收录
A17: 河南省 | B17: =COUNTIF(全国汇总!$G$2:$G$86,A17) -> 1 | C17: =IF(B17=0,"暂未检索到符合口径对象","已收录") -> 已收录
A18: 湖北省 | B18: =COUNTIF(全国汇总!$G$2:$G$86,A18) -> 2 | C18: =IF(B18=0,"暂未检索到符合口径对象","已收录") -> 已收录
A19: 湖南省 | B19: =COUNTIF(全国汇总!$G$2:$G$86,A19) -> 2 | C19: =IF(B19=0,"暂未检索到符合口径对象","已收录") -> 已收录
A20: 广东省 | B20: =COUNTIF(全国汇总!$G$2:$G$86,A20) -> 7 | C20: =IF(B20=0,"暂未检索到符合口径对象","已收录") -> 已收录
A21: 广西壮族自治区 | B21: =COUNTIF(全国汇总!$G$2:$G$86,A21) -> 0
A22: 海南省 | B22: =COUNTIF(全国汇总!$G$2:$G$86,A22) -> 1 | C22: =IF(B22=0,"暂未检索到符合口径对象","已收录") -> 已收录
A23: 重庆市 | B23: =COUNTIF(全国汇总!$G$2:$G$86,A23) -> 2 | C23: =IF(B23=0,"暂未检索到符合口径对象","已收录") -> 已收录
A24: 四川省 | B24: =COUNTIF(全国汇总!$G$2:$G$86,A24) -> 3 | C24: =IF(B24=0,"暂未检索到符合口径对象","已收录") -> 已收录
A25: 贵州省 | B25: =COUNTIF(全国汇总!$G$2:$G$86,A25) -> 0
A26: 云南省 | B26: =COUNTIF(全国汇总!$G$2:$G$86,A26) -> 1 | C26: =IF(B26=0,"暂未检索到符合口径对象","已收录") -> 已收录
A27: 西藏自治区 | B27: =COUNTIF(全国汇总!$G$2:$G$86,A27) -> 0
A28: 陕西省 | B28: =COUNTIF(全国汇总!$G$2:$G$86,A28) -> 3 | C28: =IF(B28=0,"暂未检索到符合口径对象","已收录") -> 已收录
A29: 甘肃省 | B29: =COUNTIF(全国汇总!$G$2:$G$86,A29) -> 0
A30: 青海省 | B30: =COUNTIF(全国汇总!$G$2:$G$86,A30) -> 0
A31: 宁夏回族自治区 | B31: =COUNTIF(全国汇总!$G$2:$G$86,A31) -> 0
A32: 新疆维吾尔自治区 | B32: =COUNTIF(全国汇总!$G$2:$G$86,A32) -> 0
A33: 香港特别行政区 | B33: =COUNTIF(全国汇总!$G$2:$G$86,A33) -> 1 | C33: =IF(B33=0,"暂未检索到符合口径对象","已收录") -> 已收录
A34: 澳门特别行政区 | B34: =COUNTIF(全国汇总!$G$2:$G$86,A34) -> 0
A35: 台湾省 | B35: =COUNTIF(全国汇总!$G$2:$G$86,A35) -> 0

Sheet 全国汇总
A1: 序号 | B1: 专家姓名 | C1: 专家所属方向 | D1: 代表论文 | E1: 关联企业 | F1: 工作单位 | G1: 所属省份 | H1: 专家类型 | I1: 公开来源 | J1: 核验日期
A2: 1 | B2: 敖立 | C2: 脑机接口产业、通信与标准化 | D2: 以产业、标准化或监管实践为主；未检索到可稳定匹配的代表论文 | E2: 无公开直接关联企业 | F2: 中国信息通信研究院 | G2: 北京市 | H2: 产业/标准化 | I2: https://wap.miit.gov.cn/cms_files/filemanager/1226211233/attach/20256/65ade62451fe4eb09e40e5576208b989.docx | J2: 46252
A3: 2 | B3: 董建 | C3: 脑机接口标准化与产业治理 | D3: 以产业、标准化或监管实践为主；未检索到可稳定匹配的代表论文 | E3: 无公开直接关联企业 | F3: 中国电子技术标准化研究院 | G3: 北京市 | H3: 标准化 | I3: https://wap.miit.gov.cn/cms_files/filemanager/1226211233/attach/20256/65ade62451fe4eb09e40e5576208b989.docx | J3: 46252
A4: 3 | B4: 高上凯 | C4: 神经工程与脑机接口 | D4: An online multi-channel SSVEP-based brain–computer interface using a canonical correlation analysis method (2009) | E4: 博睿康、神舞科技（学术渊源） | F4: 清华大学医学院 | G4: 北京市 | H4: 学术 | I4: https://ziyujia.github.io/Chinese-Reading-Materials/Materials/experts/ https://doi.org/10.1088/1741-2560/6/4/046002 | J4: 46252
A5: 4 | B5: 高小榕 | C5: 脑机接口、SSVEP与神经信号检测处理 | D5: An online multi-channel SSVEP-based brain–computer interface using a canonical correlation analysis method (2009) | E5: 北京神舞科技有限公司；博睿康（学术渊源） | F5: 清华大学 | G5: 北京市 | H5: 学术/产业 | I5: https://wap.miit.gov.cn/cms_files/filemanager/1226211233/attach/20256/65ade62451fe4eb09e40e5576208b989.docx https://doi.org/10.1088/1741-2560/6/4/046002 | J5: 46252
A6: 5 | B6: 郝红伟 | C6: 植入式神经调控与医疗器械产业化 | D6: 以产业、标准化或监管实践为主；未检索到可稳定匹配的代表论文 | E6: 北京品驰医疗设备有限公司 | F6: 北京品驰医疗设备有限公司 | G6: 北京市 | H6: 产业 | I6: https://wap.miit.gov.cn/cms_files/filemanager/1226211233/attach/20256/65ade62451fe4eb09e40e5576208b989.docx | J6: 46252
A7: 6 | B7: 何晖光 | C7: 模式识别、脑与认知科学、脑机接口 | D7: 待进一步人工核验代表论文 | E7: 中科意象等院所成果转化团队 | F7: 中国科学院自动化研究所 | G7: 北京市 | H7: 学术/产业 | I7: https://ziyujia.github.io/Chinese-Reading-Materials/Materials/experts/ | J7: 46252
A8: 7 | B8: 洪波 | C8: 语言神经机制、颅内脑电与微创脑机接口 | D8: 待进一步人工核验代表论文 | E8: 博睿康（联合研发协同） | F8: 清华大学医学院 | G8: 北京市 | H8: 学术/产业 | I8: https://brain.tsinghua.edu.cn/td/yjry.htm | J8: 46252
A9: 8 | B9: 金若男 | C9: 脑机接口医疗器械审评与监管科学 | D9: 以产业、标准化或监管实践为主；未检索到可稳定匹配的代表论文 | E9: 无公开直接关联企业 | F9: 国家药品监督管理局医疗器械技术审评中心 | G9: 北京市 | H9: 监管 | I9: https://wap.miit.gov.cn/cms_files/filemanager/1226211233/attach/20256/65ade62451fe4eb09e40e5576208b989.docx | J9: 46252
A10: 9 | B10: 李淑娟 | C10: 临床电生理、神经心脏交叉与医疗器械评价 | D10: 待进一步人工核验代表论文 | E10: 无公开直接关联企业 | F10: 中国医学科学院阜外医院 | G10: 北京市 | H10: 临床 | I10: https://wap.miit.gov.cn/cms_files/filemanager/1226211233/attach/20256/65ade62451fe4eb09e40e5576208b989.docx | J10: 46252
A11: 10 | B11: 李小俚 | C11: 神经系统分析、脑电信号与闭环刺激 | D11: Closed-loop TMS-EEG reactivity with occipital alpha-phase synchronized (2022) | E11: 无公开直接关联企业 | F11: 北京师范大学 | G11: 北京市 | H11: 学术 | I11: https://ziyujia.github.io/Chinese-Reading-Materials/Materials/experts/ https://doi.org/10.1088/1741-2552/ac9432 | J11: 46252
A12: 11 | B12: 李阳 | C12: 计算神经科学、脑机接口与神经康复 | D12: Improving the Separability of Motor Imagery EEG Signals Using a Cross Correlation-Based Least Square Support Vector Machine for Brain–Computer Interface (2012) | E12: 无公开直接关联企业 | F12: 北京航空航天大学 | G12: 北京市 | H12: 学术 | I12: https://ziyujia.github.io/Chinese-Reading-Materials/Materials/experts/ https://doi.org/10.1109/tnsre.2012.2184838 | J12: 46252
A13: 12 | B13: 梁靓 | C13: 脑机接口产业生态与学术组织 | D13: 以产业、标准化或监管实践为主；未检索到可稳定匹配的代表论文 | E13: 无公开直接关联企业 | F13: 中国电子学会 | G13: 北京市 | H13: 产业/标准化 | I13: https://wap.miit.gov.cn/cms_files/filemanager/1226211233/attach/20256/65ade62451fe4eb09e40e5576208b989.docx | J13: 46252
... A86: 85 | B86: 胡勇 | C86: 临床电生理、神经工程与神经康复 | D86: 待进一步人工核验代表论文 | E86: 无公开直接关联企业 | F86: 香港大学 | G86: 香港特别行政区 | H86: 学术/临床 | I86: https://ziyujia.github.io/Chinese-Reading-Materials/Materials/experts/ | J86: 46252

Sheet 北京市
A1: 序号 | B1: 专家姓名 | C1: 专家所属方向 | D1: 代表论文 | E1: 关联企业 | F1: 工作单位 | G1: 所属省份 | H1: 专家类型 | I1: 公开来源 | J1: 核验日期
A2: 1 | B2: 敖立 | C2: 脑机接口产业、通信与标准化 | D2: 以产业、标准化或监管实践为主；未检索到可稳定匹配的代表论文 | E2: 无公开直接关联企业 | F2: 中国信息通信研究院 | G2: 北京市 | H2: 产业/标准化 | I2: https://wap.miit.gov.cn/cms_files/filemanager/1226211233/attach/20256/65ade62451fe4eb09e40e5576208b989.docx | J2: 46252
A3: 2 | B3: 董建 | C3: 脑机接口标准化与产业治理 | D3: 以产业、标准化或监管实践为主；未检索到可稳定匹配的代表论文 | E3: 无公开直接关联企业 | F3: 中国电子技术标准化研究院 | G3: 北京市 | H3: 标准化 | I3: https://wap.miit.gov.cn/cms_files/filemanager/1226211233/attach/20256/65ade62451fe4eb09e40e5576208b989.docx | J3: 46252
A4: 3 | B4: 高上凯 | C4: 神经工程与脑机接口 | D4: An online multi-channel SSVEP-based brain–computer interface using a canonical correlation analysis method (2009) | E4: 博睿康、神舞科技（学术渊源） | F4: 清华大学医学院 | G4: 北京市 | H4: 学术 | I4: https://ziyujia.github.io/Chinese-Reading-Materials/Materials/experts/ https://doi.org/10.1088/1741-2560/6/4/046002 | J4: 46252
A5: 4 | B5: 高小榕 | C5: 脑机接口、SSVEP与神经信号检测处理 | D5: An online multi-channel SSVEP-based brain–computer interface using a canonical correlation analysis method (2009) | E5: 北京神舞科技有限公司；博睿康（学术渊源） | F5: 清华大学 | G5: 北京市 | H5: 学术/产业 | I5: https://wap.miit.gov.cn/cms_files/filemanager/1226211233/attach/20256/65ade62451fe4eb09e40e5576208b989.docx https://doi.org/10.1088/1741-2560/6/4/046002 | J5: 46252
A6: 5 | B6: 郝红伟 | C6: 植入式神经调控与医疗器械产业化 | D6: 以产业、标准化或监管实践为主；未检索到可稳定匹配的代表论文 | E6: 北京品驰医疗设备有限公司 | F6: 北京品驰医疗设备有限公司 | G6: 北京市 | H6: 产业 | I6: https://wap.miit.gov.cn/cms_files/filemanager/1226211233/attach/20256/65ade62451fe4eb09e40e5576208b989.docx | J6: 46252
A7: 6 | B7: 何晖光 | C7: 模式识别、脑与认知科学、脑机接口 | D7: 待进一步人工核验代表论文 | E7: 中科意象等院所成果转化团队 | F7: 中国科学院自动化研究所 | G7: 北京市 | H7: 学术/产业 | I7: https://ziyujia.github.io/Chinese-Reading-Materials/Materials/experts/ | J7: 46252
A8: 7 | B8: 洪波 | C8: 语言神经机制、颅内脑电与微创脑机接口 | D8: 待进一步人工核验代表论文 | E8: 博睿康（联合研发协同） | F8: 清华大学医学院 | G8: 北京市 | H8: 学术/产业 | I8: https://brain.tsinghua.edu.cn/td/yjry.htm | J8: 46252
A9: 8 | B9: 金若男 | C9: 脑机接口医疗器械审评与监管科学 | D9: 以产业、标准化或监管实践为主；未检索到可稳定匹配的代表论文 | E9: 无公开直接关联企业 | F9: 国家药品监督管理局医疗器械技术审评中心 | G9: 北京市 | H9: 监管 | I9: https://wap.miit.gov.cn/cms_files/filemanager/1226211233/attach/20256/65ade62451fe4eb09e40e5576208b989.docx | J9: 46252
A10: 9 | B10: 李淑娟 | C10: 临床电生理、神经心脏交叉与医疗器械评价 | D10: 待进一步人工核验代表论文 | E10: 无公开直接关联企业 | F10: 中国医学科学院阜外医院 | G10: 北京市 | H10: 临床 | I10: https://wap.miit.gov.cn/cms_files/filemanager/1226211233/attach/20256/65ade62451fe4eb09e40e5576208b989.docx | J10: 46252
A11: 10 | B11: 李小俚 | C11: 神经系统分析、脑电信号与闭环刺激 | D11: Closed-loop TMS-EEG reactivity with occipital alpha-phase synchronized (2022) | E11: 无公开直接关联企业 | F11: 北京师范大学 | G11: 北京市 | H11: 学术 | I11: https://ziyujia.github.io/Chinese-Reading-Materials/Materials/experts/ https://doi.org/10.1088/1741-2552/ac9432 | J11: 46252
A12: 11 | B12: 李阳 | C12: 计算神经科学、脑机接口与神经康复 | D12: Improving the Separability of Motor Imagery EEG Signals Using a Cross Correlation-Based Least Square Support Vector Machine for Brain–Computer Interface (2012) | E12: 无公开直接关联企业 | F12: 北京航空航天大学 | G12: 北京市 | H12: 学术 | I12: https://ziyujia.github.io/Chinese-Reading-Materials/Materials/experts/ https://doi.org/10.1109/tnsre.2012.2184838 | J12: 46252
A13: 12 | B13: 梁靓 | C13: 脑机接口产业生态与学术组织 | D13: 以产业、标准化或监管实践为主；未检索到可稳定匹配的代表论文 | E13: 无公开直接关联企业 | F13: 中国电子学会 | G13: 北京市 | H13: 产业/标准化 | I13: https://wap.miit.gov.cn/cms_files/filemanager/1226211233/attach/20256/65ade62451fe4eb09e40e5576208b989.docx | J13: 46252
... A27: 26 | B27: 张利剑 | C27: 脑机接口特种应用与系统工程 | D27: 以产业、标准化或监管实践为主；未检索到可稳定匹配的代表论文 | E27: 无公开直接关联企业 | F27: 中国航天科工集团第二研究院二〇六所 | G27: 北京市 | H27: 应用/产业 | I27: https://wap.miit.gov.cn/cms_files/filemanager/1226211233/attach/20256/65ade62451fe4eb09e40e5576208b989.docx | J27: 46252

Sheet 天津市
A1: 序号 | B1: 专家姓名 | C1: 专家所属方向 | D1: 代表论文 | E1: 关联企业 | F1: 工作单位 | G1: 所属省份 | H1: 专家类型 | I1: 公开来源 | J1: 核验日期
A2: 1 | B2: 段峰 | C2: 脑机接口、视觉伺服与介入式康复 | D2: A Dual Stimuli Approach Combined with Convolutional Neural Network to Improve Information Transfer Rate of Event-Related Potential-Based Brain-Computer Interface (2018) | E2: 无公开直接关联企业 | F2: 南开大学 | G2: 天津市 | H2: 学术/临床 | I2: https://wap.miit.gov.cn/cms_files/filemanager/1226211233/attach/20256/65ade62451fe4eb09e40e5576208b989.docx https://doi.org/10.1142/s012906571850034x | J2: 46252
A3: 2 | B3: 李婷 | C3: 脑机接口、神经工程与标准化 | D3: EEG classification based on Small-World neural network for Brain-Computer Interface (2010) | E3: 无公开直接关联企业 | F3: 中国医学科学院生物医学工程研究所 | G3: 天津市 | H3: 学术/标准化 | I3: https://wap.miit.gov.cn/cms_files/filemanager/1226211233/attach/20256/65ade62451fe4eb09e40e5576208b989.docx https://doi.org/10.1109/icnc.2010.5582892 | J3: 46252
A4: 3 | B4: 明东 | C4: 神经工程、脑机交互与康复 | D4: Enhance decoding of pre-movement EEG patterns for brain–computer interfaces (2020) | E4: 中电云脑、燧世科技（成果转化协同） | F4: 天津大学 | G4: 天津市 | H4: 学术/产业 | I4: https://wap.miit.gov.cn/cms_files/filemanager/1226211233/attach/20256/65ade62451fe4eb09e40e5576208b989.docx https://doi.org/10.1088/1741-2552/ab598f | J4: 46252
A5: 4 | B5: 万春晓 | C5: 脑机接口临床转化与神经康复 | D5: Combined EEG-Gyroscope-tDCS Brain Machine Interface System for Early Management of Driver Drowsiness (2018) | E5: 无公开直接关联企业 | F5: 天津医科大学总医院 | G5: 天津市 | H5: 临床 | I5: https://wap.miit.gov.cn/cms_files/filemanager/1226211233/attach/20256/65ade62451fe4eb09e40e5576208b989.docx https://doi.org/10.1109/thms.2017.2759808 | J5: 46252
A6: 5 | B6: 许敏鹏 | C6: 神经工程、脑机接口与神经调控 | D6: Enhance decoding of pre-movement EEG patterns for brain–computer interfaces (2020) | E6: 燧世科技、中电云脑（成果转化协同） | F6: 脑机交互与人机共融海河实验室 | G6: 天津市 | H6: 学术/产业 | I6: https://wap.miit.gov.cn/cms_files/filemanager/1226211233/attach/20256/65ade62451fe4eb09e40e5576208b989.docx https://doi.org/10.1088/1741-2552/ab598f | J6: 46252

Sheet 河北省
A1: 序号 | B1: 专家姓名 | C1: 专家所属方向 | D1: 代表论文 | E1: 关联企业 | F1: 工作单位 | G1: 所属省份 | H1: 专家类型 | I1: 公开来源 | J1: 核验日期
A2: 1 | B2: 文冬 | C2: 人机交互、可穿戴系统与脑健康AI | D2: Review of Sparse Representation-Based Classification Methods on EEG Signal Processing for Epilepsy Detection, Brain-Computer Interface and Cognitive Impairment (2016) | E2: 无公开直接关联企业 | F2: 燕山大学 | G2: 河北省 | H2: 学术 | I2: https://ziyujia.github.io/Chinese-Reading-Materials/Materials/experts/ https://doi.org/10.3389/fnagi.2016.00172 | J2: 46252
A3: 2 | B3: 谢平 | C3: 脑机接口、康复机器人与多模态生物信号 | D3: 待进一步人工核验代表论文 | E3: 无公开直接关联企业 | F3: 燕山大学 | G3: 河北省 | H3: 学术 | I3: https://ziyujia.github.io/Chinese-Reading-Materials/Materials/experts/ | J3: 46252

Sheet 辽宁省
A1: 序号 | B1: 专家姓名 | C1: 专家所属方向 | D1: 代表论文 | E1: 关联企业 | F1: 工作单位 | G1: 所属省份 | H1: 专家类型 | I1: 公开来源 | J1: 核验日期
A2: 1 | B2: 丛丰裕 | C2: EEG/ERP/MEG/fMRI信号与认知神经科学 | D2: Channel Increment Strategy-Based 1D Convolutional Neural Networks for Seizure Prediction Using Intracranial EEG (2023) | E2: 无公开直接关联企业 | F2: 大连理工大学 | G2: 辽宁省 | H2: 学术 | I2: https://ziyujia.github.io/Chinese-Reading-Materials/Materials/experts/ https://doi.org/10.1109/tnsre.2022.3222095 | J2: 46252

Sheet 黑龙江省
A1: 序号 | B1: 专家姓名 | C1: 专家所属方向 | D1: 代表论文 | E1: 关联企业 | F1: 工作单位 | G1: 所属省份 | H1: 专家类型 | I1: 公开来源 | J1: 核验日期
A2: 1 | B2: 李海峰 | C2: 自然人机交互与脑电智能分析 | D2: Efficient Neural Network Classification of Parkinson’s Disease and Schizophrenia Using Resting-State EEG Data (2025) | E2: 无公开直接关联企业 | F2: 哈尔滨工业大学 | G2: 黑龙江省 | H2: 学术 | I2: https://ziyujia.github.io/Chinese-Reading-Materials/Materials/experts/ https://doi.org/10.1007/s10548-025-01102-5 | J2: 46252

Sheet 上海市
A1: 序号 | B1: 专家姓名 | C1: 专家所属方向 | D1: 代表论文 | E1: 关联企业 | F1: 工作单位 | G1: 所属省份 | H1: 专家类型 | I1: 公开来源 | J1: 核验日期
A2: 1 | B2: 成工 | C2: 脑电采集、监测设备与产业转化 | D2: 以产业、标准化或监管实践为主；未检索到可稳定匹配的代表论文 | E2: 上海帝仪科技有限公司 | F2: 上海帝仪科技有限公司 | G2: 上海市 | H2: 产业 | I2: https://wap.miit.gov.cn/cms_files/filemanager/1226211233/attach/20256/65ade62451fe4eb09e40e5576208b989.docx | J2: 46252
A3: 2 | B3: 金晶 | C3: 意识检测脑机接口与脑卒中康复 | D3: Spatial-Temporal Discriminant Analysis for ERP-Based Brain-Computer Interface (2013) | E3: 无公开直接关联企业 | F3: 华东理工大学 | G3: 上海市 | H3: 学术 | I3: https://ziyujia.github.io/Chinese-Reading-Materials/Materials/experts/ https://doi.org/10.1109/tnsre.2013.2243471 | J3: 46252
A4: 3 | B4: 吕宝粮 | C4: 情感脑机接口、脑电大模型与机器学习 | D4: Differential entropy feature for EEG-based emotion classification (2013) | E4: 上海零唯一思科技有限公司（科研协同） | F4: 上海交通大学 | G4: 上海市 | H4: 学术/产业 | I4: https://wap.miit.gov.cn/cms_files/filemanager/1226211233/attach/20256/65ade62451fe4eb09e40e5576208b989.docx https://doi.org/10.1109/ner.2013.6695876 | J4: 46252
A5: 4 | B5: 陶虎 | C5: 柔性神经电极、侵入式脑机接口与临床转化 | D5: 待进一步人工核验代表论文 | E5: 上海脑虎科技有限公司 | F5: 上海脑虎科技有限公司 | G5: 上海市 | H5: 学术/产业 | I5: https://wap.miit.gov.cn/cms_files/filemanager/1226211233/attach/20256/65ade62451fe4eb09e40e5576208b989.docx | J5: 46252
A6: 5 | B6: 童善保 | C6: 神经工程、神经信号处理与脑卒中康复 | D6: 待进一步人工核验代表论文 | E6: 无公开直接关联企业 | F6: 上海交通大学 | G6: 上海市 | H6: 学术 | I6: https://ziyujia.github.io/Chinese-Reading-Materials/Materials/experts/ | J6: 46252
A7: 6 | B7: 王如彬 | C7: 认知神经动力学与脑信息处理 | D7: 待进一步人工核验代表论文 | E7: 无公开直接关联企业 | F7: 华东理工大学 | G7: 上海市 | H7: 学术 | I7: https://ziyujia.github.io/Chinese-Reading-Materials/Materials/experts/ | J7: 46252
A8: 7 | B8: 王守岩 | C8: 神经工程、生物医学工程与脑机接口 | D8: Deep Brain Stimulation for Neuropathic Pain (2006) | E8: 无公开直接关联企业 | F8: 复旦大学 | G8: 上海市 | H8: 学术 | I8: https://wap.miit.gov.cn/cms_files/filemanager/1226211233/attach/20256/65ade62451fe4eb09e40e5576208b989.docx https://doi.org/10.1111/j.1525-1403.2006.00049.x | J8: 46252
A9: 8 | B9: 王薇 | C9: 脑机接口、智能康复与产品转化 | D9: 以产业、标准化或监管实践为主；未检索到可稳定匹配的代表论文 | E9: 上海术理智能科技有限公司 | F9: 上海术理智能科技有限公司 | G9: 上海市 | H9: 产业 | I9: https://wap.miit.gov.cn/cms_files/filemanager/1226211233/attach/20256/65ade62451fe4eb09e40e5576208b989.docx | J9: 46252
A10: 9 | B10: 杨帮华 | C10: 脑机智能主动康复、医学信号与VR/AR | D10: A large EEG dataset for studying cross-session variability in motor imagery brain-computer interface (2022) | E10: 无公开直接关联企业 | F10: 上海大学 | G10: 上海市 | H10: 学术/产业 | I10: https://wap.miit.gov.cn/cms_files/filemanager/1226211233/attach/20256/65ade62451fe4eb09e40e5576208b989.docx https://doi.org/10.1038/s41597-022-01647-1 | J10: 46252
A11: 10 | B11: 赵郑拓 | C11: 侵入式脑机接口、柔性电极与临床转化 | D11: 待进一步人工核验代表论文 | E11: 上海阶梯医疗科技有限公司（成果转化关联） | F11: 中国科学院脑科学与智能技术卓越创新中心 | G11: 上海市 | H11: 学术/产业 | I11: https://wap.miit.gov.cn/cms_files/filemanager/1226211233/attach/20256/65ade62451fe4eb09e40e5576208b989.docx | J11: 46252

Sheet 江苏省
A1: 序号 | B1: 专家姓名 | C1: 专家所属方向 | D1: 代表论文 | E1: 关联企业 | F1: 工作单位 | G1: 所属省份 | H1: 专家类型 | I1: 公开来源 | J1: 核验日期
A2: 1 | B2: 万遂人 | C2: 医学电子学、生物医学仪器与脑电分析 | D2: A high-performance seizure detection algorithm based on Discrete Wavelet Transform (DWT) and EEG (2017) | E2: 无公开直接关联企业 | F2: 东南大学 | G2: 江苏省 | H2: 学术 | I2: https://ziyujia.github.io/Chinese-Reading-Materials/Materials/experts/ https://doi.org/10.1371/journal.pone.0173138 | J2: 46252
A3: 2 | B3: 胥红来 | C3: 脑机接口设备、植入系统与产业化 | D3: 以产业、标准化或监管实践为主；未检索到可稳定匹配的代表论文 | E3: 博睿康科技（常州）股份有限公司 | F3: 博睿康科技（常州）股份有限公司 | G3: 江苏省 | H3: 产业 | I3: https://wap.miit.gov.cn/cms_files/filemanager/1226211233/attach/20256/65ade62451fe4eb09e40e5576208b989.docx | J3: 46252
A4: 3 | B4: 张丽 | C4: 神经精神疾病、脑机接口临床应用 | D4: 待进一步人工核验代表论文 | E4: 无公开直接关联企业 | F4: 南京脑科医院 | G4: 江苏省 | H4: 临床 | I4: https://wap.miit.gov.cn/cms_files/filemanager/1226211233/attach/20256/65ade62451fe4eb09e40e5576208b989.docx | J4: 46252

Sheet 浙江省
A1: 序号 | B1: 专家姓名 | C1: 专家所属方向 | D1: 代表论文 | E1: 关联企业 | F1: 工作单位 | G1: 所属省份 | H1: 专家类型 | I1: 公开来源 | J1: 核验日期
A2: 1 | B2: 阿迪斯 | C2: 非侵入式脑机接口产品与商业化 | D2: 以产业、标准化或监管实践为主；未检索到可稳定匹配的代表论文 | E2: 浙江强脑科技有限公司 | F2: 浙江强脑科技有限公司 | G2: 浙江省 | H2: 产业 | I2: https://wap.miit.gov.cn/cms_files/filemanager/1226211233/attach/20256/65ade62451fe4eb09e40e5576208b989.docx | J2: 46252
A3: 2 | B3: 曹鹏 | C3: 神经调控、脑机接口医疗器械与注册转化 | D3: 以产业、标准化或监管实践为主；未检索到可稳定匹配的代表论文 | E3: 杭州佳量医疗科技有限公司 | F3: 杭州佳量医疗科技有限公司 | G3: 浙江省 | H3: 产业 | I3: https://wap.miit.gov.cn/cms_files/filemanager/1226211233/attach/20256/65ade62451fe4eb09e40e5576208b989.docx | J3: 46252
A4: 3 | B4: 孔万增 | C4: 脑机接口与可穿戴计算 | D4: Sub-band target alignment common spatial pattern in brain-computer interface (2021) | E4: 无公开直接关联企业 | F4: 杭州电子科技大学 | G4: 浙江省 | H4: 学术 | I4: https://ziyujia.github.io/Chinese-Reading-Materials/Materials/experts/ https://doi.org/10.1016/j.cmpb.2021.106150 | J4: 46252
A5: 4 | B5: 潘纲 | C5: 脑机接口、类脑计算与人工智能 | D5: Delving into<i>α</i>-stable distribution in noise suppression for seizure detection from scalp EEG (2016) | E5: 南湖脑机交叉研究院孵化企业群 | F5: 浙江大学 | G5: 浙江省 | H5: 学术/产业 | I5: https://wap.miit.gov.cn/cms_files/filemanager/1226211233/attach/20256/65ade62451fe4eb09e40e5576208b989.docx https://doi.org/10.1088/1741-2560/13/5/056009 | J5: 46252
A6: 5 | B6: 孙瑜 | C6: 柔性电极、非侵入式脑机接口与睡眠监测 | D6: 以产业、标准化或监管实践为主；未检索到可稳定匹配的代表论文 | E6: 浙江柔灵科技有限公司 | F6: 浙江柔灵科技有限公司 | G6: 浙江省 | H6: 产业 | I6: https://wap.miit.gov.cn/cms_files/filemanager/1226211233/attach/20256/65ade62451fe4eb09e40e5576208b989.docx | J6: 46252
A7: 6 | B7: 孙煜 | C7: 被动式脑机接口、多模态脑网络与产业化 | D7: Topological Changes in the Brain Network Induced by the Training on a Piloting Task: An EEG-Based Functional Connectome Approach (2018) | E7: 杭州神踪科技有限公司 | F7: 杭州神踪科技有限公司 | G7: 浙江省 | H7: 学术/产业 | I7: https://wap.miit.gov.cn/cms_files/filemanager/1226211233/attach/20256/65ade62451fe4eb09e40e5576208b989.docx https://doi.org/10.1109/tnsre.2016.2581809 | J7: 46252
A8: 7 | B8: 王怡雯 | C8: 脑机接口、生物信号处理与模式识别 | D8: 待进一步人工核验代表论文 | E8: 无公开直接关联企业 | F8: 浙江大学 | G8: 浙江省 | H8: 学术 | I8: https://ziyujia.github.io/Chinese-Reading-Materials/Materials/experts/ | J8: 46252
A9: 8 | B9: 王跃明 | C9: 侵入式脑机接口、神经解码与临床转化 | D9: Enhanced Online Continuous Brain-Control by Deep Learning-Based EEG Decoding (2025) | E9: 南湖脑机交叉研究院孵化企业群 | F9: 南湖脑机交叉研究院 | G9: 浙江省 | H9: 学术/产业 | I9: https://wap.miit.gov.cn/cms_files/filemanager/1226211233/attach/20256/65ade62451fe4eb09e40e5576208b989.docx https://doi.org/10.1109/tnsre.2025.3591254 | J9: 46252
A10: 9 | B10: 易昊翔 | C10: 脑电采集、脑控交互与产品化 | D10: 以产业、标准化或监管实践为主；未检索到可稳定匹配的代表论文 | E10: 杭州回车电子科技有限公司 | F10: 杭州回车电子科技有限公司 | G10: 浙江省 | H10: 产业 | I10: https://wap.miit.gov.cn/cms_files/filemanager/1226211233/attach/20256/65ade62451fe4eb09e40e5576208b989.docx | J10: 46252

Sheet 安徽省
A1: 序号 | B1: 专家姓名 | C1: 专家所属方向 | D1: 代表论文 | E1: 关联企业 | F1: 工作单位 | G1: 所属省份 | H1: 专家类型 | I1: 公开来源 | J1: 核验日期
A2: 1 | B2: 陈勋 | C2: 医学人工智能、脑电信号与自然人机交互 | D2: Enhancing EEG artifact removal through neural architecture search with large kernels (2024) | E2: 无公开直接关联企业 | F2: 中国科学技术大学 | G2: 安徽省 | H2: 学术 | I2: https://wap.miit.gov.cn/cms_files/filemanager/1226211233/attach/20256/65ade62451fe4eb09e40e5576208b989.docx https://doi.org/10.1016/j.aei.2024.102831 | J2: 46252
A3: 2 | B3: 吴小培 | C3: 机器学习、脑机接口与特殊人机交互 | D3: Motor imagery EEG detection by empirical mode decomposition (2008) | E3: 无公开直接关联企业 | F3: 安徽大学 | G3: 安徽省 | H3: 学术 | I3: https://ziyujia.github.io/Chinese-Reading-Materials/Materials/experts/ https://doi.org/10.1109/ijcnn.2008.4634164 | J3: 46252
A4: 3 | B4: 张效初 | C4: 脑电/磁共振、实时神经反馈与神经调控 | D4: Cascade and Parallel Convolutional Recurrent Neural Networks on EEG-based Intention Recognition for Brain Computer Interface (2018) | E4: 无公开直接关联企业 | F4: 中国科学技术大学 | G4: 安徽省 | H4: 学术 | I4: https://ziyujia.github.io/Chinese-Reading-Materials/Materials/experts/ https://doi.org/10.1609/aaai.v32i1.11496 | J4: 46252

Sheet 山东省
A1: 序号 | B1: 专家姓名 | C1: 专家所属方向 | D1: 代表论文 | E1: 关联企业 | F1: 工作单位 | G1: 所属省份 | H1: 专家类型 | I1: 公开来源 | J1: 核验日期
A2: 1 | B2: 张海燕 | C2: 脑机接口康复机器人与产业化 | D2: 以产业、标准化或监管实践为主；未检索到可稳定匹配的代表论文 | E2: 山东海天智能工程有限公司 | F2: 山东海天智能工程有限公司 | G2: 山东省 | H2: 产业 | I2: https://wap.miit.gov.cn/cms_files/filemanager/1226211233/attach/20256/65ade62451fe4eb09e40e5576208b989.docx | J2: 46252
A3: 2 | B3: 周卫东 | C3: 生物医学信号处理、深度学习与脑电分析 | D3: 待进一步人工核验代表论文 | E3: 无公开直接关联企业 | F3: 山东大学 | G3: 山东省 | H3: 学术 | I3: https://ziyujia.github.io/Chinese-Reading-Materials/Materials/experts/ | J3: 46252

Sheet 河南省
A1: 序号 | B1: 专家姓名 | C1: 专家所属方向 | D1: 代表论文 | E1: 关联企业 | F1: 工作单位 | G1: 所属省份 | H1: 专家类型 | I1: 公开来源 | J1: 核验日期
A2: 1 | B2: 闫镔 | C2: 脑机接口、信息工程与特种应用 | D2: 待进一步人工核验代表论文 | E2: 无公开直接关联企业 | F2: 中国人民解放军网络空间部队信息工程大学 | G2: 河南省 | H2: 学术/应用 | I2: https://wap.miit.gov.cn/cms_files/filemanager/1226211233/attach/20256/65ade62451fe4eb09e40e5576208b989.docx | J2: 46252

Sheet 湖北省
A1: 序号 | B1: 专家姓名 | C1: 专家所属方向 | D1: 代表论文 | E1: 关联企业 | F1: 工作单位 | G1: 所属省份 | H1: 专家类型 | I1: 公开来源 | J1: 核验日期
A2: 1 | B2: 黄立 | C2: 高通量双向脑机接口芯片与系统 | D2: 以产业、标准化或监管实践为主；未检索到可稳定匹配的代表论文 | E2: 武汉衷华脑机融合科技发展有限公司 | F2: 武汉衷华脑机融合科技发展有限公司 | G2: 湖北省 | H2: 产业 | I2: https://wap.miit.gov.cn/cms_files/filemanager/1226211233/attach/20256/65ade62451fe4eb09e40e5576208b989.docx | J2: 46252
A3: 2 | B3: 伍冬睿 | C3: 机器学习、脑机接口与情感计算 | D3: 待进一步人工核验代表论文 | E3: 无公开直接关联企业 | F3: 华中科技大学 | G3: 湖北省 | H3: 学术 | I3: https://ziyujia.github.io/Chinese-Reading-Materials/Materials/experts/ | J3: 46252

Sheet 湖南省
A1: 序号 | B1: 专家姓名 | C1: 专家所属方向 | D1: 代表论文 | E1: 关联企业 | F1: 工作单位 | G1: 所属省份 | H1: 专家类型 | I1: 公开来源 | J1: 核验日期
A2: 1 | B2: 胡德文 | C2: 神经网络、脑功能成像与脑机接口 | D2: A Dynamically Optimized SSVEP Brain–Computer Interface (BCI) Speller (2015) | E2: 无公开直接关联企业 | F2: 国防科技大学 | G2: 湖南省 | H2: 学术 | I2: https://ziyujia.github.io/Chinese-Reading-Materials/Materials/experts/ https://doi.org/10.1109/tbme.2014.2320948 | J2: 46252
A3: 2 | B3: 王耀南 | C3: 智能控制、机器人与脑控应用 | D3: 待进一步人工核验代表论文 | E3: 无公开直接关联企业 | F3: 湖南大学 | G3: 湖南省 | H3: 学术 | I3: https://ziyujia.github.io/Chinese-Reading-Materials/Materials/experts/ | J3: 46252

Sheet 广东省
A1: 序号 | B1: 专家姓名 | C1: 专家所属方向 | D1: 代表论文 | E1: 关联企业 | F1: 工作单位 | G1: 所属省份 | H1: 专家类型 | I1: 公开来源 | J1: 核验日期
A2: 1 | B2: 李光林 | C2: 神经工程、神经信号解码与康复 | D2: 待进一步人工核验代表论文 | E2: 深圳微灵医疗等院所孵化企业 | F2: 中国科学院深圳先进技术研究院 | G2: 广东省 | H2: 学术/产业 | I2: https://wap.miit.gov.cn/cms_files/filemanager/1226211233/attach/20256/65ade62451fe4eb09e40e5576208b989.docx | J2: 46252
A3: 2 | B3: 李骁健 | C3: 高密度薄膜电极与植入式脑机接口 | D3: 以产业、标准化或监管实践为主；未检索到可稳定匹配的代表论文 | E3: 深圳微灵医疗科技有限公司 | F3: 深圳微灵医疗科技有限公司 | G3: 广东省 | H3: 产业 | I3: https://wap.miit.gov.cn/cms_files/filemanager/1226211233/attach/20256/65ade62451fe4eb09e40e5576208b989.docx | J3: 46252
A4: 3 | B4: 李远清 | C4: 脑机接口、脑信号处理与智能康复 | D4: 待进一步人工核验代表论文 | E4: 广州华南脑控智能科技有限公司（成果转化关联） | F4: 华南理工大学 | G4: 广东省 | H4: 学术/产业 | I4: https://wap.miit.gov.cn/cms_files/filemanager/1226211233/attach/20256/65ade62451fe4eb09e40e5576208b989.docx | J4: 46252
A5: 4 | B5: 潘家辉 | C5: 脑机接口、意识检测与辅助沟通 | D5: 待进一步人工核验代表论文 | E5: 无公开直接关联企业 | F5: 华南师范大学 | G5: 广东省 | H5: 学术 | I5: https://wap.miit.gov.cn/cms_files/filemanager/1226211233/attach/20256/65ade62451fe4eb09e40e5576208b989.docx | J5: 46252
A6: 5 | B6: 俞祝良 | C6: 脑机接口、脑信号处理与机器学习 | D6: Deep Temporal-Spatial Feature Learning for Motor Imagery-Based Brain–Computer Interfaces (2020) | E6: 广州华南脑控（产学研关联） | F6: 华南理工大学 | G6: 广东省 | H6: 学术/产业 | I6: https://ziyujia.github.io/Chinese-Reading-Materials/Materials/experts/ https://doi.org/10.1109/tnsre.2020.3023417 | J6: 46252
A7: 6 | B7: 张峥 | C7: 脑机接口、可穿戴与多模态人机交互 | D7: 以产业、标准化或监管实践为主；未检索到可稳定匹配的代表论文 | E7: 华为技术有限公司 | F7: 华为技术有限公司 | G7: 广东省 | H7: 产业 | I7: https://wap.miit.gov.cn/cms_files/filemanager/1226211233/attach/20256/65ade62451fe4eb09e40e5576208b989.docx | J7: 46252
A8: 7 | B8: 张治国 | C8: 神经信号影像、医学神经工程与脑机交互 | D8: 待进一步人工核验代表论文 | E8: 无公开直接关联企业 | F8: 深圳大学 | G8: 广东省 | H8: 学术 | I8: https://ziyujia.github.io/Chinese-Reading-Materials/Materials/experts/ | J8: 46252

Sheet 海南省
A1: 序号 | B1: 专家姓名 | C1: 专家所属方向 | D1: 代表论文 | E1: 关联企业 | F1: 工作单位 | G1: 所属省份 | H1: 专家类型 | I1: 公开来源 | J1: 核验日期
A2: 1 | B2: 殷明 | C2: 脑机接口芯片、无线神经接口与集成电路 | D2: Wireless Neurotechnology for Neural Prostheses (2016) | E2: 神芯科技（海南）有限公司 | F2: 海南大学 | G2: 海南省 | H2: 学术/产业 | I2: https://wap.miit.gov.cn/cms_files/filemanager/1226211233/attach/20256/65ade62451fe4eb09e40e5576208b989.docx https://doi.org/10.1002/9781118816028.ch5 | J2: 46252

Sheet 重庆市
A1: 序号 | B1: 专家姓名 | C1: 专家所属方向 | D1: 代表论文 | E1: 关联企业 | F1: 工作单位 | G1: 所属省份 | H1: 专家类型 | I1: 公开来源 | J1: 核验日期
A2: 1 | B2: 侯文生 | C2: 神经工程、康复与生物医学微系统 | D2: 待进一步人工核验代表论文 | E2: 重庆云脑医疗（区域协同） | F2: 重庆大学 | G2: 重庆市 | H2: 学术/产业 | I2: https://ziyujia.github.io/Chinese-Reading-Materials/Materials/experts/ | J2: 46252
A3: 2 | B3: 雷旭 | C3: 睡眠脑电、脑成像与神经反馈 | D3: 待进一步人工核验代表论文 | E3: 无公开直接关联企业 | F3: 西南大学 | G3: 重庆市 | H3: 学术 | I3: https://ziyujia.github.io/Chinese-Reading-Materials/Materials/experts/ | J3: 46252

Sheet 四川省
A1: 序号 | B1: 专家姓名 | C1: 专家所属方向 | D1: 代表论文 | E1: 关联企业 | F1: 工作单位 | G1: 所属省份 | H1: 专家类型 | I1: 公开来源 | J1: 核验日期
A2: 1 | B2: 徐鹏 | C2: 脑电信号处理、脑机交互与孤独症辅助诊疗 | D2: 待进一步人工核验代表论文 | E2: 成都芯脑科技/前沿类脑创新中心 | F2: 电子科技大学 | G2: 四川省 | H2: 学术/产业 | I2: https://faculty.uestc.edu.cn/xupeng1/zh_CN/index.htm | J2: 46252
A3: 2 | B3: 尧德中 | C3: 脑信息学、脑器交互、脑电/磁共振融合 | D3: Predicting Inter-session Performance of SMR-Based Brain–Computer Interface Using the Spectral Entropy of Resting-State EEG (2015) | E3: 成都前沿类脑人工智能创新中心等 | F3: 电子科技大学 | G3: 四川省 | H3: 学术/产业 | I3: https://wap.miit.gov.cn/cms_files/filemanager/1226211233/attach/20256/65ade62451fe4eb09e40e5576208b989.docx https://doi.org/10.1007/s10548-015-0429-3 | J3: 46252
A4: 3 | B4: 张杨松 | C4: 脑信息处理、脑机交互与智能医学 | D4: Multivariate synchronization index for frequency recognition of SSVEP-based brain–computer interface (2014) | E4: 无公开直接关联企业 | F4: 西南科技大学 | G4: 四川省 | H4: 学术 | I4: https://ziyujia.github.io/Chinese-Reading-Materials/Materials/experts/ https://doi.org/10.1016/j.jneumeth.2013.07.018 | J4: 46252

Sheet 云南省
A1: 序号 | B1: 专家姓名 | C1: 专家所属方向 | D1: 代表论文 | E1: 关联企业 | F1: 工作单位 | G1: 所属省份 | H1: 专家类型 | I1: 公开来源 | J1: 核验日期
A2: 1 | B2: 伏云发 | C2: 脑信号处理、脑机交互控制与通信 | D2: A hybrid BCI based on EEG and fNIRS signals improves the performance of decoding motor imagery of both force and speed of hand clenching (2015) | E2: 无公开直接关联企业 | F2: 昆明理工大学 | G2: 云南省 | H2: 学术 | I2: https://ziyujia.github.io/Chinese-Reading-Materials/Materials/experts/ https://doi.org/10.1088/1741-2560/12/3/036004 | J2: 46252

Sheet 陕西省
A1: 序号 | B1: 专家姓名 | C1: 专家所属方向 | D1: 代表论文 | E1: 关联企业 | F1: 工作单位 | G1: 所属省份 | H1: 专家类型 | I1: 公开来源 | J1: 核验日期
A2: 1 | B2: 陈霸东 | C2: 计算神经工程、机器学习与先进信号处理 | D2: 待进一步人工核验代表论文 | E2: 无公开直接关联企业 | F2: 西安交通大学 | G2: 陕西省 | H2: 学术 | I2: https://wap.miit.gov.cn/cms_files/filemanager/1226211233/attach/20256/65ade62451fe4eb09e40e5576208b989.docx | J2: 46252
A3: 2 | B3: 徐光华 | C3: 脑机接口、智能康复与人机共融 | D3: Highly Interactive Brain–Computer Interface Based on Flicker-Free Steady-State Motion Visual Evoked Potential (2018) | E3: 西安臻泰智能科技有限公司 | F3: 西安交通大学 | G3: 陕西省 | H3: 学术/产业 | I3: https://ziyujia.github.io/Chinese-Reading-Materials/Materials/experts/ https://doi.org/10.1038/s41598-018-24008-8 | J3: 46252
A4: 3 | B4: 郑南宁 | C4: 人工智能、认知计算与脑机交互 | D4: Nonnegative Matrix Factorization for EEG Signal Classification (2004) | E4: 无公开直接关联企业 | F4: 西安交通大学 | G4: 陕西省 | H4: 学术/战略 | I4: https://ziyujia.github.io/Chinese-Reading-Materials/Materials/experts/ https://doi.org/10.1007/978-3-540-28648-6_75 | J4: 46252

Sheet 香港特别行政区
A1: 序号 | B1: 专家姓名 | C1: 专家所属方向 | D1: 代表论文 | E1: 关联企业 | F1: 工作单位 | G1: 所属省份 | H1: 专家类型 | I1: 公开来源 | J1: 核验日期
A2: 1 | B2: 胡勇 | C2: 临床电生理、神经工程与神经康复 | D2: 待进一步人工核验代表论文 | E2: 无公开直接关联企业 | F2: 香港大学 | G2: 香港特别行政区 | H2: 学术/临床 | I2: https://ziyujia.github.io/Chinese-Reading-Materials/Materials/experts/ | J2: 46252
